sim_time,agent_id,x,y,z
0.000,0,-0.4901,0.2642,-5.7054
0.000,1,-0.5711,-0.3678,-4.5366
0.000,2,-1.5956,-1.0419,-6.0579
0.000,3,-1.6002,-1.1600,-4.2687
0.000,4,-1.0960,0.8777,-5.9314
0.000,5,-1.0100,0.3041,-4.2939
0.000,6,-2.5056,0.2013,-5.7448
0.000,7,-2.3529,0.4941,-4.1540
0.000,8,-0.5172,-0.7939,-7.7037
0.000,9,-0.3580,-0.3540,-2.5476
1.000,0,-0.0317,0.0586,-5.8766
1.000,1,-0.0951,-0.6382,-4.6180
1.000,2,-1.0667,-0.9369,-6.0179
1.000,3,-1.3992,-1.2528,-4.1428
1.000,4,-1.0875,1.2909,-5.9717
1.000,5,-0.7674,0.6880,-4.0779
1.000,6,-2.0931,0.1375,-5.6906
1.000,7,-2.3097,0.4909,-4.1214
1.000,8,0.0350,-0.7753,-7.6018
1.000,9,0.1921,-0.3442,-2.6757
2.000,0,-0.1002,-0.3464,-5.9667
2.000,1,0.9071,-0.8252,-4.6743
2.000,2,-0.3959,-1.2713,-6.0241
2.000,3,-0.5528,-1.2738,-4.0935
2.000,4,-0.3654,1.5233,-5.9560
2.000,5,0.0793,0.8781,-3.9924
2.000,6,-1.1731,0.1163,-5.6145
2.000,7,-1.5205,0.4671,-4.1395
2.000,8,1.0491,-0.7438,-7.3009
2.000,9,1.2676,-0.3084,-2.8691
3.000,0,0.6575,-0.2052,-6.1069
3.000,1,2.0131,-0.8604,-4.8411
3.000,2,0.2021,-1.9414,-5.9695
3.000,3,0.6020,-1.2315,-4.1315
3.000,4,0.6798,1.5622,-5.8945
3.000,5,1.1454,0.9033,-4.0263
3.000,6,-0.6208,0.1908,-5.4633
3.000,7,-0.4527,0.4541,-3.9889
3.000,8,2.1490,-0.7080,-6.9313
3.000,9,2.4547,-0.2630,-3.0705
4.000,0,1.7702,-0.1328,-6.1553
4.000,1,3.2128,-0.8179,-4.9032
4.000,2,1.2452,-2.1049,-5.8835
4.000,3,1.8375,-1.1559,-4.1971
4.000,4,1.8211,1.5128,-5.8195
4.000,5,2.2995,0.8869,-4.0983
4.000,6,0.1923,0.1874,-5.3727
4.000,7,0.6318,0.4248,-3.9304
4.000,8,3.3384,-0.6506,-6.6872
4.000,9,3.6621,-0.2242,-3.2618
5.000,0,2.9654,-0.0867,-6.0943
5.000,1,4.4315,-0.7537,-4.9279
5.000,2,2.4331,-2.0526,-5.7992
5.000,3,3.0754,-1.0679,-4.2694
5.000,4,3.0010,1.4392,-5.7409
5.000,5,3.4916,0.8518,-4.1802
5.000,6,1.1603,0.2214,-5.3292
5.000,7,1.7627,0.4292,-3.9742
5.000,8,4.5472,-0.5913,-6.4923
5.000,9,4.8736,-0.1933,-3.4451
6.000,0,4.1777,-0.0671,-6.0007
6.000,1,5.6518,-0.6917,-4.9152
6.000,2,3.6501,-1.9297,-5.7190
6.000,3,4.3014,-0.9791,-4.3403
6.000,4,4.1996,1.3642,-5.6609
6.000,5,4.6981,0.8067,-4.2627
6.000,6,2.2905,0.2440,-5.3378
6.000,7,2.9527,0.4335,-4.0100
6.000,8,5.7610,-0.5321,-6.3550
6.000,9,6.0874,-0.1643,-3.6100
7.000,0,5.3926,-0.1148,-5.9176
7.000,1,6.8651,-0.6847,-4.9065
7.000,2,4.8709,-1.7862,-5.6416
7.000,3,5.4860,-0.9012,-4.3873
7.000,4,5.4042,1.3432,-5.5747
7.000,5,5.9101,0.7516,-4.3342
7.000,6,3.4709,0.2488,-5.3636
7.000,7,4.1623,0.4283,-4.0423
7.000,8,6.9744,-0.4617,-6.4028
7.000,9,7.3021,-0.0919,-3.6125
8.000,0,6.6094,-0.1579,-5.8313
8.000,1,8.0834,-0.6754,-4.9312
8.000,2,6.0899,-1.6374,-5.5668
8.000,3,6.6718,-0.8243,-4.4361
8.000,4,6.5922,1.3362,-5.5711
8.000,5,7.1246,0.6689,-4.3301
8.000,6,4.6661,0.2432,-5.3866
8.000,7,5.3775,0.4166,-4.0812
8.000,8,8.1916,-0.3947,-6.3976
8.000,9,8.5190,-0.0256,-3.6344
9.000,0,7.8289,-0.1725,-5.7785
9.000,1,9.2856,-0.6684,-4.9225
9.000,2,7.2869,-1.5221,-5.5423
9.000,3,7.8748,-0.7618,-4.4166
9.000,4,7.7843,1.3089,-5.5564
9.000,5,8.3441,0.6179,-4.3428
9.000,6,5.8610,0.2308,-5.4129
9.000,7,6.5952,0.3998,-4.1164
9.000,8,9.4132,-0.3269,-6.3730
9.000,9,9.7369,0.0328,-3.6933
10.000,0,9.0508,-0.1514,-5.7759
10.000,1,10.4648,-0.6839,-4.9185
10.000,2,8.4421,-1.4976,-5.5294
10.000,3,9.0740,-0.7775,-4.3599
10.000,4,8.9705,1.3260,-5.5374
10.000,5,9.5626,0.6445,-4.3501
10.000,6,7.0577,0.2148,-5.4366
10.000,7,7.8139,0.3782,-4.1541
10.000,8,10.6334,-0.2530,-6.3464
10.000,9,10.9566,0.1006,-3.7376
11.000,0,10.2719,-0.1389,-5.7343
11.000,1,11.6522,-0.7020,-4.9114
11.000,2,9.5946,-1.4671,-5.4958
11.000,3,10.2635,-0.7723,-4.3570
11.000,4,10.1465,1.3428,-5.5241
11.000,5,10.7823,0.6440,-4.3567
11.000,6,8.2502,0.1947,-5.4597
11.000,7,9.0336,0.3552,-4.1931
11.000,8,11.8543,-0.1755,-6.2982
11.000,9,12.1749,0.1631,-3.8088
12.000,0,11.4953,-0.1353,-5.7028
12.000,1,12.8364,-0.7323,-4.9023
12.000,2,10.7429,-1.4098,-5.4743
12.000,3,11.4501,-0.7561,-4.3208
12.000,4,11.3173,1.3424,-5.5006
12.000,5,12.0033,0.6286,-4.3791
12.000,6,9.4391,0.1721,-5.4804
12.000,7,10.2543,0.3303,-4.2329
12.000,8,13.0732,-0.0929,-6.2351
12.000,9,13.3927,0.2268,-3.9002
13.000,0,12.7165,-0.1280,-5.6776
13.000,1,14.0054,-0.7704,-4.8889
13.000,2,11.8764,-1.3468,-5.4405
13.000,3,12.6291,-0.7554,-4.2882
13.000,4,12.4707,1.3418,-5.4826
13.000,5,13.2198,0.6185,-4.4146
13.000,6,10.6246,0.1490,-5.4963
13.000,7,11.4748,0.3031,-4.2741
13.000,8,14.2888,-0.0064,-6.1448
13.000,9,14.6088,0.2815,-4.0106
14.000,0,13.9368,-0.1326,-5.6659
14.000,1,15.1682,-0.8103,-4.8710
14.000,2,12.9926,-1.2713,-5.4047
14.000,3,13.7993,-0.7422,-4.2597
14.000,4,13.5988,1.3342,-5.4785
14.000,5,14.4108,0.6105,-4.4627
14.000,6,11.8025,0.1251,-5.5080
14.000,7,12.6945,0.2750,-4.3151
14.000,8,15.5044,0.0845,-6.0225
14.000,9,15.8266,0.3070,-4.1195
15.000,0,15.1573,-0.1623,-5.6967
15.000,1,16.3349,-0.8553,-4.8622
15.000,2,14.0949,-1.1729,-5.3705
15.000,3,14.9776,-0.7350,-4.2356
15.000,4,14.7094,1.2848,-5.4646
15.000,5,15.5923,0.6103,-4.4627
15.000,6,12.9696,0.0997,-5.5201
15.000,7,13.8997,0.2837,-4.3611
15.000,8,16.7171,0.1821,-5.8697
15.000,9,17.0425,0.3173,-4.2605
16.000,0,16.3781,-0.2035,-5.6925
16.000,1,17.4966,-0.9042,-4.8655
16.000,2,15.1811,-1.0402,-5.3385
16.000,3,16.1509,-0.7380,-4.2275
16.000,4,15.8037,1.1833,-5.4273
16.000,5,16.7838,0.6038,-4.4605
16.000,6,14.1240,0.0709,-5.5286
16.000,7,15.0934,0.3217,-4.4160
16.000,8,17.9215,0.2826,-5.7710
16.000,9,18.2543,0.3192,-4.3991
17.000,0,17.5835,-0.2501,-5.7169
17.000,1,18.6424,-0.9192,-4.8778
17.000,2,16.2884,-0.9124,-5.3103
17.000,3,17.3084,-0.7296,-4.2183
17.000,4,16.9121,1.1142,-5.4355
17.000,5,17.9728,0.5931,-4.5134
17.000,6,15.2366,0.0849,-5.5137
17.000,7,16.2339,0.2993,-4.4095
17.000,8,19.0172,0.3292,-5.8221
17.000,9,19.4509,0.3165,-4.3510
18.000,0,18.6152,-0.3019,-5.8316
18.000,1,19.6956,-0.9421,-4.9045
18.000,2,17.3486,-0.9147,-5.2957
18.000,3,18.3848,-0.7183,-4.2078
18.000,4,17.9417,1.0929,-5.5121
18.000,5,18.9975,0.6078,-4.5479
18.000,6,16.2870,0.1741,-5.4607
18.000,7,17.2928,0.2946,-4.3519
18.000,8,19.9241,0.3657,-5.7394
18.000,9,20.4544,0.3185,-4.3420
19.000,0,19.3712,-0.3646,-5.9347
19.000,1,20.4695,-0.9764,-5.0276
19.000,2,18.1915,-0.9701,-5.2109
19.000,3,19.2494,-0.7746,-4.1343
19.000,4,18.7459,1.0574,-5.6336
19.000,5,19.6610,0.6730,-4.4520
19.000,6,17.2751,0.2658,-5.4455
19.000,7,18.2509,0.3593,-4.3007
19.000,8,20.6269,0.4651,-5.7329
19.000,9,21.1043,0.2952,-4.3139
20.000,0,19.8160,-0.4008,-6.0420
20.000,1,20.8696,-0.9592,-5.1721
20.000,2,18.8149,-0.9938,-5.0453
20.000,3,19.8760,-0.7888,-4.0109
20.000,4,19.3399,1.0302,-5.7000
20.000,5,20.1237,0.8324,-4.4145
20.000,6,18.0639,0.3170,-5.5690
20.000,7,18.7824,0.3042,-4.1954
20.000,8,20.9523,0.5409,-5.6877
20.000,9,21.4876,0.1774,-4.3033
21.000,0,19.9127,-0.4167,-6.1974
21.000,1,20.9582,-0.9894,-5.2747
21.000,2,19.2407,-1.0460,-4.9722
21.000,3,20.2658,-0.6173,-3.9113
21.000,4,19.7542,1.1453,-5.6649
21.000,5,20.3503,0.9963,-4.2716
21.000,6,18.5771,0.2152,-5.6252
21.000,7,19.0059,0.2206,-4.1862
21.000,8,21.0144,0.5161,-5.6357
21.000,9,21.5435,0.0290,-4.3193
22.000,0,19.9216,-0.3736,-6.3532
22.000,1,20.8533,-1.0587,-5.3214
22.000,2,19.4966,-1.0986,-4.9870
22.000,3,20.3101,-0.5639,-3.7833
22.000,4,19.7645,1.2769,-5.6172
22.000,5,20.4053,1.0561,-4.2255
22.000,6,18.7609,0.1074,-5.6239
22.000,7,19.1413,0.2699,-4.1897
22.000,8,21.0240,0.4265,-5.6164
22.000,9,21.5413,-0.0108,-4.2784
23.000,0,19.9523,-0.3101,-6.3842
23.000,1,20.8765,-1.0698,-5.2435
23.000,2,19.4102,-1.0761,-4.9510
23.000,3,20.2251,-0.6338,-3.7992
23.000,4,19.6705,1.2209,-5.5790
23.000,5,20.4368,1.0503,-4.2525
23.000,6,18.6692,0.0785,-5.6308
23.000,7,19.1374,0.3226,-4.2211
23.000,8,20.9696,0.4231,-5.6136
23.000,9,21.5589,0.0072,-4.3011
24.000,0,19.8992,-0.3523,-6.2742
24.000,1,20.8438,-1.0355,-5.2527
24.000,2,19.3149,-1.0470,-4.9885
24.000,3,20.1967,-0.6023,-3.8365
24.000,4,19.6199,1.1319,-5.5214
24.000,5,20.4309,1.0490,-4.1916
24.000,6,18.5277,0.0694,-5.6798
24.000,7,19.1031,0.3295,-4.3238
24.000,8,20.9482,0.4793,-5.6052
24.000,9,21.5220,-0.0185,-4.3089
25.000,0,19.8554,-0.3545,-6.2786
25.000,1,20.7681,-1.0321,-5.2903
25.000,2,19.3218,-1.0683,-4.9839
25.000,3,20.1625,-0.5772,-3.8086
25.000,4,19.5801,1.1483,-5.5506
25.000,5,20.3903,1.0433,-4.1801
25.000,6,18.4783,0.0652,-5.6828
25.000,7,19.0878,0.3249,-4.3318
25.000,8,20.9320,0.4886,-5.5925
25.000,9,21.4767,-0.0377,-4.2959
26.000,0,19.8427,-0.3173,-6.3126
26.000,1,20.7705,-1.0462,-5.2725
26.000,2,19.3032,-1.0777,-4.9626
26.000,3,20.1358,-0.6080,-3.8023
26.000,4,19.5670,1.1728,-5.5760
26.000,5,20.3718,1.0541,-4.2158
26.000,6,18.4978,0.0606,-5.6628
26.000,7,19.0685,0.3236,-4.2995
26.000,8,20.8955,0.4683,-5.5995
26.000,9,21.4510,-0.0293,-4.2990
27.000,0,19.8389,-0.3412,-6.3009
27.000,1,20.7748,-1.0450,-5.2715
27.000,2,19.2905,-1.0679,-4.9808
27.000,3,20.1408,-0.6095,-3.8150
27.000,4,19.5699,1.1668,-5.5435
27.000,5,20.3686,1.0629,-4.2061
27.000,6,18.5072,0.0657,-5.6693
27.000,7,19.0607,0.3261,-4.3020
27.000,8,20.8898,0.4652,-5.6092
27.000,9,21.4505,-0.0212,-4.3052
28.000,0,19.8456,-0.3519,-6.3060
28.000,1,20.7700,-1.0421,-5.2756
28.000,2,19.3011,-1.0647,-4.9802
28.000,3,20.1483,-0.5950,-3.8174
28.000,4,19.5722,1.1635,-5.5404
28.000,5,20.3709,1.0516,-4.1948
28.000,6,18.4947,0.0696,-5.6730
28.000,7,19.0659,0.3251,-4.3093
28.000,8,20.9016,0.4696,-5.6025
28.000,9,21.4636,-0.0229,-4.3026
29.000,0,19.8496,-0.3326,-6.3005
29.000,1,20.7788,-1.0430,-5.2711
29.000,2,19.3062,-1.0675,-4.9751
29.000,3,20.1501,-0.5976,-3.8125
29.000,4,19.5744,1.1614,-5.5581
29.000,5,20.3788,1.0475,-4.2035
29.000,6,18.4951,0.0675,-5.6706
29.000,7,19.0702,0.3244,-4.3086
29.000,8,20.9049,0.4688,-5.5999
29.000,9,21.4694,-0.0256,-4.3005
30.000,0,19.8492,-0.3362,-6.2981
30.000,1,20.7823,-1.0429,-5.2723
30.000,2,19.3071,-1.0687,-4.9775
30.000,3,20.1519,-0.6018,-3.8124
30.000,4,19.5785,1.1632,-5.5525
30.000,5,20.3818,1.0540,-4.2037
30.000,6,18.5052,0.0656,-5.6705
30.000,7,19.0736,0.3257,-4.3072
30.000,8,20.9069,0.4699,-5.6030
30.000,9,21.4667,-0.0254,-4.3024
